StudentID,StudentName,ClassNo,Section,BusNo,RouteID,StopID,FeeStatus
ST001,Aarav Sharma,1,A,B01,R01,S01,Paid
ST002,Diya Patel,1,B,B01,R01,S02,Paid
ST003,Vivaan Rao,1,A,B01,R01,S01,Pending
ST004,Anaya Singh,2,A,B02,R02,S04,Paid
ST005,Arjun Mehta,2,B,B03,R03,S07,Paid
ST006,Isha Nair,2,A,B05,R05,S13,Paid
ST007,Kabir Shah,2,B,B01,R01,S02,Pending
ST008,Meera Joshi,3,A,B04,R04,S11,Paid
ST009,Reyansh Verma,3,B,B02,R02,S04,Paid
ST010,Saanvi Kumar,3,A,B02,R02,S05,Paid
ST011,Aditya Reddy,3,B,B03,R03,S08,Pending
ST012,Kiara Das,3,A,B05,R05,S14,Paid
ST013,Atharv Gupta,4,A,B01,R01,S03,Paid
ST014,Myra Iyer,4,B,B04,R04,S12,Paid
ST015,Dhruv Jain,4,A,B06,R06,S18,Pending
ST016,Riya Kapoor,5,A,B02,R02,S06,Paid
ST017,Ishaan Malhotra,5,B,B03,R03,S09,Paid
ST018,Tara Bose,5,A,B05,R05,S15,Paid
ST019,Krish Yadav,5,B,B01,R01,S01,Paid
ST020,Siya Kulkarni,6,A,B04,R04,S10,Paid
ST021,Advait Menon,6,B,B06,R06,S16,Pending
ST022,Nitya Chawla,6,A,B02,R02,S04,Paid
ST023,Veer Desai,6,B,B03,R03,S07,Paid
ST024,Aanya Rao,6,A,B05,R05,S13,Paid
ST025,Arnav Sethi,7,A,B01,R01,S02,Paid
ST026,Kavya Bhat,7,B,B04,R04,S11,Paid
ST027,Vihaan Saxena,7,A,B06,R06,S17,Paid
ST028,Prisha Roy,7,B,B02,R02,S05,Pending
ST029,Aarohi Mishra,8,A,B03,R03,S08,Paid
ST030,Rohan Pillai,8,B,B05,R05,S14,Paid
ST031,Navya Arora,8,A,B01,R01,S03,Paid
ST032,Yash Jain,8,B,B04,R04,S12,Pending
ST033,Sanvi Reddy,8,A,B06,R06,S18,Paid
ST034,Dev Patel,8,B,B02,R02,S06,Paid
ST035,Anvi Khanna,9,A,B03,R03,S09,Paid
ST036,Shaurya Das,9,B,B05,R05,S15,Paid
ST037,Trisha Nair,9,A,B01,R01,S01,Pending
ST038,Kunal Mehta,9,B,B04,R04,S10,Paid
ST039,Ira Singh,10,A,B06,R06,S16,Paid
ST040,Ayaan Joshi,10,B,B02,R02,S04,Paid
ST041,Samaira Shah,10,A,B03,R03,S07,Paid
ST042,Rishabh Rao,10,B,B05,R05,S13,Paid
ST043,Anika Verma,10,A,B01,R01,S02,Pending
ST044,Neil Kumar,11,A,B04,R04,S11,Paid
ST045,Pari Kapoor,11,B,B06,R06,S17,Paid
ST046,Harsh Gupta,11,A,B02,R02,S05,Pending
ST047,Sneha Iyer,12,A,B03,R03,S08,Paid
ST048,Om Malhotra,12,B,B05,R05,S14,Paid
