LogID,StudentID,BusNo,TripDate,CheckInTime,CheckOutTime,TripStatus
L001,ST001,B01,2026-10-06,07:10:00,07:46:00,Checked Out
L002,ST002,B01,2026-10-06,07:11:00,07:47:00,Checked Out
L003,ST003,B01,2026-10-06,07:12:00,07:48:00,Checked Out
L004,ST004,B02,2026-10-06,07:13:00,07:49:00,Checked Out
L005,ST005,B03,2026-10-06,07:14:00,07:50:00,Checked Out
L006,ST006,B05,2026-10-06,07:15:00,07:51:00,Checked Out
L007,ST007,B01,2026-10-06,07:16:00,,On Bus
L008,ST008,B04,2026-10-06,07:17:00,,On Bus
L009,ST009,B02,2026-10-06,07:18:00,,On Bus
L010,ST010,B02,2026-10-06,07:19:00,,On Bus
L011,ST011,B03,2026-10-06,07:20:00,,On Bus
L012,ST012,B05,2026-10-06,07:21:00,,On Bus
L013,ST013,B01,2026-10-06,07:22:00,,On Bus
L014,ST014,B04,2026-10-06,07:23:00,,On Bus
L015,ST015,B06,2026-10-06,07:24:00,,On Bus
L016,ST016,B02,2026-10-06,07:25:00,,On Bus
L017,ST017,B03,2026-10-06,07:26:00,,On Bus
L018,ST018,B05,2026-10-06,07:27:00,,On Bus
L019,ST019,B01,2026-10-06,07:28:00,,On Bus
L020,ST020,B04,2026-10-06,07:29:00,,On Bus
L021,ST021,B06,2026-10-06,07:30:00,,On Bus
L022,ST022,B02,2026-10-06,07:31:00,,On Bus
L023,ST023,B03,2026-10-06,07:32:00,,On Bus
L024,ST024,B05,2026-10-06,07:10:00,,On Bus
L025,ST025,B01,2026-10-06,07:11:00,,On Bus
L026,ST026,B04,2026-10-06,07:12:00,,On Bus
L027,ST027,B06,2026-10-06,07:13:00,,On Bus
L028,ST028,B02,2026-10-06,07:14:00,,On Bus
L029,ST029,B03,2026-10-06,07:15:00,,On Bus
L030,ST030,B05,2026-10-06,07:16:00,,On Bus
L031,ST031,B01,2026-10-06,07:17:00,,On Bus
L032,ST032,B04,2026-10-06,07:18:00,,On Bus
L033,ST033,B06,2026-10-06,07:19:00,,On Bus
L034,ST034,B02,2026-10-06,07:20:00,,On Bus
L035,ST035,B03,2026-10-06,07:21:00,,On Bus
L036,ST036,B05,2026-10-06,07:22:00,,On Bus
L037,ST037,B01,2026-10-06,07:23:00,,On Bus
L038,ST038,B04,2026-10-06,07:24:00,,On Bus
L039,ST039,B06,2026-10-06,07:25:00,,On Bus
L040,ST040,B02,2026-10-06,07:26:00,,On Bus
L041,ST041,B03,2026-10-06,07:27:00,,On Bus
L042,ST042,B05,2026-10-06,,,Not Boarded
L043,ST043,B01,2026-10-06,,,Not Boarded
L044,ST044,B04,2026-10-06,,,Not Boarded
L045,ST045,B06,2026-10-06,,,Not Boarded
L046,ST046,B02,2026-10-06,,,Not Boarded
L047,ST047,B03,2026-10-06,,,Not Boarded
L048,ST048,B05,2026-10-06,,,Not Boarded
